{
  "$schema": "http://json-schema.org/draft-04/schema#",
  "title": "InjurySystem",
  "type": "object",
  "additionalProperties": false,
  "properties": {
    "Name": {
      "type": [
        "null",
        "string"
      ],
      "description": "Human readable name for the system"
    },
    "Identifier": {
      "type": "string",
      "description": "The unique identifier for this system so that it can be referenced from scripts\netc.  This should be a constant (Don't use NewGuid!).  When sub-classing it is\npermissible to use the parents guid if you are semantically the same (e.g. subclass\nmethods are alternate ways to load the system)",
      "format": "guid"
    },
    "IsDefault": {
      "type": "boolean",
      "description": "True if the injury system should be the default if none is defined (e.g. when not armed with a specific weapon - with it's own injury system)."
    },
    "HealVerb": {
      "type": [
        "null",
        "string"
      ],
      "description": "Describes how the injuries inflicted by this system are healed e.g. \"healed\", \"put out\", \"solved by eating\""
    },
    "HealerStat": {
      "description": "If set then actors with this stat can attempt to heal",
      "oneOf": [
        {
          "type": "null"
        },
        {
          "$ref": "#/definitions/Stat"
        }
      ]
    },
    "HealerStatMultiplier": {
      "type": "number",
      "description": "How much HealerStat is required for each point of Injury Severity",
      "format": "double"
    },
    "WorsenRate": {
      "type": "integer",
      "description": "The number of rounds it takes for a wound to get worse.  0 for injuries that never get worse once inflicted.",
      "format": "int32"
    },
    "ResistInflict": {
      "description": "Types of IAdjective which make you resistant to this type of damage",
      "oneOf": [
        {
          "type": "null"
        },
        {
          "$ref": "#/definitions/Resistances"
        }
      ]
    },
    "ResistWorsen": {
      "description": "Types of IAdjective which make you resistant to this type of damage getting worse.",
      "oneOf": [
        {
          "type": "null"
        },
        {
          "$ref": "#/definitions/Resistances"
        }
      ]
    },
    "ResistHeal": {
      "description": "Types of IAdjective prevent (immune) or ease/complicate healing injuries inflicted by this system",
      "oneOf": [
        {
          "type": "null"
        },
        {
          "$ref": "#/definitions/Resistances"
        }
      ]
    },
    "Injuries": {
      "type": [
        "array",
        "null"
      ],
      "description": "Blueprints for all injuries that can be caused by this system",
      "items": {
        "$ref": "#/definitions/InjuryBlueprint"
      }
    },
    "NaturalHealThreshold": {
      "type": "number",
      "description": "How bad an injury can be before it will no longer heal by itself.  Set to 0 to make wounds that never heal (by themselves) ",
      "format": "double"
    },
    "NaturalHealRate": {
      "type": "number",
      "description": "The number of rounds that must pass before a wound below the NaturalHealThreshold heals itself",
      "format": "double"
    },
    "SyncDescriptions": {
      "type": "boolean",
      "description": "If true then injuries change name as they get better/worse e.g. \"smoking\" becomes \"burning\".  False to stick with original wording e.g. don't graduate \"bruised shin\" into \"broken elbow\""
    },
    "WorsenVerb": {
      "type": [
        "null",
        "string"
      ],
      "description": "How to describe the injury getting worse"
    },
    "Infection": {
      "type": "boolean",
      "description": "True if injuries should become IsInfected"
    },
    "Spreads": {
      "description": "Controls how/if the injuries can spread to other actors/rooms e.g. fire, plague etc.",
      "oneOf": [
        {
          "type": "null"
        },
        {
          "$ref": "#/definitions/Spreading"
        }
      ]
    },
    "FatalThreshold": {
      "type": "number",
      "description": "Combined total number of injuries created by this system that should result in death",
      "format": "double"
    },
    "FatalVerb": {
      "type": [
        "null",
        "string"
      ],
      "description": "How to describe death from reaching the FatalThreshold"
    },
    "FatalStacksWith": {
      "type": [
        "array",
        "null"
      ],
      "description": "If injuries from this injury system stack with those of other system(s) to go over the FatalThreshold the other Identifier should be listed in here.",
      "items": {
        "type": "string",
        "format": "guid"
      }
    },
    "MergeInstances": {
      "type": "boolean",
      "description": "Should separate applications of the injury be merged e.g. if your on fire and you get a bit hotter then it makes sense just to beef up the original instance"
    }
  },
  "definitions": {
    "Stat": {
      "type": "integer",
      "description": "0 = None\n1 = Loyalty\n2 = Corruption\n3 = Fight\n4 = Coerce\n5 = Savvy\n6 = Suave\n7 = Leadership\n8 = Initiative\n9 = Value",
      "x-enumNames": [
        "None",
        "Loyalty",
        "Corruption",
        "Fight",
        "Coerce",
        "Savvy",
        "Suave",
        "Leadership",
        "Initiative",
        "Value"
      ],
      "enum": [
        0,
        1,
        2,
        3,
        4,
        5,
        6,
        7,
        8,
        9
      ]
    },
    "Resistances": {
      "type": "object",
      "additionalProperties": false,
      "properties": {
        "Vulnerable": {
          "type": [
            "array",
            "null"
          ],
          "items": {
            "type": "string"
          }
        },
        "Resist": {
          "type": [
            "array",
            "null"
          ],
          "items": {
            "type": "string"
          }
        },
        "Immune": {
          "type": [
            "array",
            "null"
          ],
          "items": {
            "type": "string"
          }
        }
      }
    },
    "InjuryBlueprint": {
      "type": "object",
      "additionalProperties": false,
      "properties": {
        "Region": {
          "$ref": "#/definitions/InjuryRegion"
        },
        "Name": {
          "type": [
            "null",
            "string"
          ]
        },
        "Severity": {
          "type": "number",
          "format": "double"
        }
      }
    },
    "InjuryRegion": {
      "type": "integer",
      "description": "0 = None\n1 = Head\n2 = Eye\n3 = Jaw\n4 = Neck\n5 = Ribs\n6 = Arm\n7 = Hand\n8 = OffHand\n9 = Leg\n10 = Foot",
      "x-enumNames": [
        "None",
        "Head",
        "Eye",
        "Jaw",
        "Neck",
        "Ribs",
        "Arm",
        "Hand",
        "OffHand",
        "Leg",
        "Foot"
      ],
      "enum": [
        0,
        1,
        2,
        3,
        4,
        5,
        6,
        7,
        8,
        9,
        10
      ]
    },
    "Spreading": {
      "type": "object",
      "additionalProperties": false,
      "properties": {
        "RoomsToRooms": {
          "type": "boolean"
        },
        "RoomsToActors": {
          "type": "boolean"
        },
        "ActorsToActors": {
          "type": "boolean"
        },
        "ActorsToRooms": {
          "type": "boolean"
        }
      }
    }
  }
}