{
  "$schema": "http://json-schema.org/draft-04/schema#",
  "title": "ListOfActorBlueprint",
  "type": "array",
  "items": {
    "$ref": "#/definitions/ActorBlueprint"
  },
  "definitions": {
    "ActorBlueprint": {
      "type": "object",
      "description": "Describes how to build an IActor",
      "additionalProperties": false,
      "properties": {
        "Ref": {
          "type": [
            "null",
            "string"
          ],
          "description": "Inherit all properties from another blueprint of the same type.  This must either exactly match the Name of the other blueprint or match the Identifier guid"
        },
        "Identifier": {
          "type": [
            "null",
            "string"
          ],
          "description": "Uniquely identifies instances created from this blueprint",
          "format": "guid"
        },
        "Faction": {
          "type": [
            "null",
            "string"
          ],
          "description": "Null if the object thematically fits any faction, otherwise the  of the faction.\nIf null and there are multiple factions, a random faction will be chosen for this blueprint unless  flag is set",
          "format": "guid"
        },
        "Unaligned": {
          "type": "boolean",
          "description": "Ensures that the room has no Faction.  This flag overrides Faction and suppresses any random faction assignment processes."
        },
        "Unique": {
          "type": "boolean",
          "description": "True to only ever generate one of this thing"
        },
        "Color": {
          "description": "Black=0\nDarkBlue=1\nDarkGreen=2\nDarkCyan=3\nDarkRed=4\nDarkMagenta= 5\nDarkYellow=6\nGray=7\nDarkGray=8\nBlue=9\nGreen=10\nCyan=11\nRed=12\nMagenta=13 \nYellow=14\nWhite=15",
          "oneOf": [
            {
              "$ref": "#/definitions/ConsoleColor"
            }
          ]
        },
        "Name": {
          "type": [
            "null",
            "string"
          ],
          "description": "Explicit name for this object.  For actors this can be left null to generate a random name from the faction"
        },
        "InjurySystem": {
          "type": [
            "null",
            "string"
          ],
          "description": "Injury system of any FightAction the blueprint spawns (and for IActor the innate weapons of the actor (leave null to use the IsDefault)",
          "format": "guid"
        },
        "Dialogue": {
          "description": "Things the object has to say e.g. when a creature is talked to or a room examined",
          "oneOf": [
            {
              "type": "null"
            },
            {
              "$ref": "#/definitions/DialogueInitiation"
            }
          ]
        },
        "OptionalAdjectives": {
          "type": [
            "array",
            "null"
          ],
          "description": "List of IAdjective from which to pick at random when creating.  These can be either Guids, Names or Type names",
          "items": {
            "type": "string"
          }
        },
        "MandatoryAdjectives": {
          "type": [
            "array",
            "null"
          ],
          "description": "By default a subset of OptionalAdjectives are written to the objects created by this blueprint (e.g. depending on difficulty, luck etc). Set those that MUST always be added. These can be either Guids, Names or Type names",
          "items": {
            "type": "string"
          }
        },
        "Stats": {
          "description": "The BaseStats to give the object",
          "oneOf": [
            {
              "type": "null"
            },
            {
              "$ref": "#/definitions/StatsCollection"
            }
          ]
        },
        "SkipDefaultActions": {
          "type": "boolean",
          "description": "True to make Actions the only actions to be given to the object (i.e. no default actions)"
        },
        "Actions": {
          "type": [
            "array",
            "null"
          ],
          "description": "Option, if specified this list becomes the actions of the object replacing any existing actions they might otherwise get)",
          "items": {
            "$ref": "#/definitions/ActionBlueprint"
          }
        },
        "SkipDefaultBehaviours": {
          "type": "boolean",
          "description": "True to make Behaviours the only behaviours to be given to the object (i.e. no default behaviours)"
        },
        "Behaviours": {
          "type": [
            "array",
            "null"
          ],
          "description": "Optional list of behaviours (event handlers) that should be created on the object",
          "items": {
            "$ref": "#/definitions/BehaviourBlueprint"
          }
        },
        "Slots": {
          "description": "Optional, overrides the default slots (1 head, 2 arms etc) that an actor\nwould normally have",
          "oneOf": [
            {
              "type": "null"
            },
            {
              "$ref": "#/definitions/SlotCollection"
            }
          ]
        },
        "MandatoryItems": {
          "type": [
            "array",
            "null"
          ],
          "description": "MandatoryItems which the actor must be carrying when created",
          "items": {
            "$ref": "#/definitions/ItemBlueprint"
          }
        },
        "FightVerb": {
          "type": [
            "null",
            "string"
          ],
          "description": "The word that describes how the actor fights when not\nequipped with a weapon e.g. fisticuffs"
        },
        "OptionalItems": {
          "type": [
            "array",
            "null"
          ],
          "description": "Items which the actor may be carrying when created",
          "items": {
            "$ref": "#/definitions/ItemBlueprint"
          }
        }
      }
    },
    "ConsoleColor": {
      "type": "integer",
      "description": "0 = Black\n1 = DarkBlue\n2 = DarkGreen\n3 = DarkCyan\n4 = DarkRed\n5 = DarkMagenta\n6 = DarkYellow\n7 = Gray\n8 = DarkGray\n9 = Blue\n10 = Green\n11 = Cyan\n12 = Red\n13 = Magenta\n14 = Yellow\n15 = White",
      "x-enumNames": [
        "Black",
        "DarkBlue",
        "DarkGreen",
        "DarkCyan",
        "DarkRed",
        "DarkMagenta",
        "DarkYellow",
        "Gray",
        "DarkGray",
        "Blue",
        "Green",
        "Cyan",
        "Red",
        "Magenta",
        "Yellow",
        "White"
      ],
      "enum": [
        0,
        1,
        2,
        3,
        4,
        5,
        6,
        7,
        8,
        9,
        10,
        11,
        12,
        13,
        14,
        15
      ]
    },
    "DialogueInitiation": {
      "type": "object",
      "additionalProperties": false,
      "properties": {
        "Verb": {
          "type": [
            "null",
            "string"
          ],
          "description": "The doing word that describes what starts the dialogue e.g. \"talk\" or \"read\""
        },
        "Next": {
          "type": [
            "null",
            "string"
          ],
          "description": "The unique identifier of the next bit of text that should be presented",
          "format": "guid"
        },
        "Banter": {
          "type": [
            "array",
            "null"
          ],
          "description": "Dialogues to run if there's nothing better to say (i.e. Next is null)",
          "items": {
            "type": "string",
            "format": "guid"
          }
        },
        "IsEmpty": {
          "type": "boolean",
          "description": "Returns true if there is nothing to show for this thing"
        }
      }
    },
    "StatsCollection": {
      "title": "DictionaryOfStatAndDouble",
      "type": "object",
      "additionalProperties": {
        "type": "number",
        "format": "double"
      }
    },
    "ActionBlueprint": {
      "type": "object",
      "description": "Describes an activity a player or npc can perform",
      "additionalProperties": false,
      "properties": {
        "Ref": {
          "type": [
            "null",
            "string"
          ],
          "description": "Inherit all properties from another blueprint of the same type.  This must either exactly match the Name of the other blueprint or match the Identifier guid"
        },
        "Identifier": {
          "type": [
            "null",
            "string"
          ],
          "description": "Uniquely identifies instances created from this blueprint",
          "format": "guid"
        },
        "Faction": {
          "type": [
            "null",
            "string"
          ],
          "description": "Null if the object thematically fits any faction, otherwise the  of the faction.\nIf null and there are multiple factions, a random faction will be chosen for this blueprint unless  flag is set",
          "format": "guid"
        },
        "Unaligned": {
          "type": "boolean",
          "description": "Ensures that the room has no Faction.  This flag overrides Faction and suppresses any random faction assignment processes."
        },
        "Unique": {
          "type": "boolean",
          "description": "True to only ever generate one of this thing"
        },
        "Color": {
          "description": "Black=0\nDarkBlue=1\nDarkGreen=2\nDarkCyan=3\nDarkRed=4\nDarkMagenta= 5\nDarkYellow=6\nGray=7\nDarkGray=8\nBlue=9\nGreen=10\nCyan=11\nRed=12\nMagenta=13 \nYellow=14\nWhite=15",
          "oneOf": [
            {
              "$ref": "#/definitions/ConsoleColor"
            }
          ]
        },
        "Name": {
          "type": [
            "null",
            "string"
          ],
          "description": "Explicit name for this object.  For actors this can be left null to generate a random name from the faction"
        },
        "InjurySystem": {
          "type": [
            "null",
            "string"
          ],
          "description": "Injury system of any FightAction the blueprint spawns (and for IActor the innate weapons of the actor (leave null to use the IsDefault)",
          "format": "guid"
        },
        "Dialogue": {
          "description": "Things the object has to say e.g. when a creature is talked to or a room examined",
          "oneOf": [
            {
              "type": "null"
            },
            {
              "$ref": "#/definitions/DialogueInitiation"
            }
          ]
        },
        "OptionalAdjectives": {
          "type": [
            "array",
            "null"
          ],
          "description": "List of IAdjective from which to pick at random when creating.  These can be either Guids, Names or Type names",
          "items": {
            "type": "string"
          }
        },
        "MandatoryAdjectives": {
          "type": [
            "array",
            "null"
          ],
          "description": "By default a subset of OptionalAdjectives are written to the objects created by this blueprint (e.g. depending on difficulty, luck etc). Set those that MUST always be added. These can be either Guids, Names or Type names",
          "items": {
            "type": "string"
          }
        },
        "Stats": {
          "description": "The BaseStats to give the object",
          "oneOf": [
            {
              "type": "null"
            },
            {
              "$ref": "#/definitions/StatsCollection"
            }
          ]
        },
        "SkipDefaultActions": {
          "type": "boolean",
          "description": "True to make Actions the only actions to be given to the object (i.e. no default actions)"
        },
        "Actions": {
          "type": [
            "array",
            "null"
          ],
          "description": "Option, if specified this list becomes the actions of the object replacing any existing actions they might otherwise get)",
          "items": {
            "$ref": "#/definitions/ActionBlueprint"
          }
        },
        "SkipDefaultBehaviours": {
          "type": "boolean",
          "description": "True to make Behaviours the only behaviours to be given to the object (i.e. no default behaviours)"
        },
        "Behaviours": {
          "type": [
            "array",
            "null"
          ],
          "description": "Optional list of behaviours (event handlers) that should be created on the object",
          "items": {
            "$ref": "#/definitions/BehaviourBlueprint"
          }
        },
        "HotKey": {
          "type": [
            "null",
            "string"
          ],
          "description": "The hotkey the user should be able to press (assuming UI support) to activate this action"
        },
        "Type": {
          "type": [
            "null",
            "string"
          ],
          "description": "Name of the root Action type to base the blueprint on e.g. FightAction"
        },
        "Attitude": {
          "type": "number",
          "description": "How kind is the action? before picking any targets",
          "format": "double"
        },
        "Targets": {
          "type": [
            "array",
            "null"
          ],
          "description": "What can be targetted by the action",
          "items": {
            "$ref": "#/definitions/IActionTarget"
          }
        },
        "TargetPrompt": {
          "type": [
            "null",
            "string"
          ],
          "description": "If there are Targets configured then this\nis the message to show when prompting to pick them"
        },
        "Effect": {
          "type": [
            "array",
            "null"
          ],
          "description": "What happens when the action is performed.",
          "items": {
            "$ref": "#/definitions/EffectBlueprint"
          }
        }
      }
    },
    "BehaviourBlueprint": {
      "type": "object",
      "description": "Describes how  to build a Behaviour",
      "additionalProperties": false,
      "properties": {
        "Ref": {
          "type": [
            "null",
            "string"
          ],
          "description": "Inherit all properties from another blueprint of the same type.  This must either exactly match the Name of the other blueprint or match the Identifier guid"
        },
        "Identifier": {
          "type": [
            "null",
            "string"
          ],
          "description": "Uniquely identifies instances created from this blueprint",
          "format": "guid"
        },
        "Faction": {
          "type": [
            "null",
            "string"
          ],
          "description": "Null if the object thematically fits any faction, otherwise the  of the faction.\nIf null and there are multiple factions, a random faction will be chosen for this blueprint unless  flag is set",
          "format": "guid"
        },
        "Unaligned": {
          "type": "boolean",
          "description": "Ensures that the room has no Faction.  This flag overrides Faction and suppresses any random faction assignment processes."
        },
        "Unique": {
          "type": "boolean",
          "description": "True to only ever generate one of this thing"
        },
        "Color": {
          "description": "Black=0\nDarkBlue=1\nDarkGreen=2\nDarkCyan=3\nDarkRed=4\nDarkMagenta= 5\nDarkYellow=6\nGray=7\nDarkGray=8\nBlue=9\nGreen=10\nCyan=11\nRed=12\nMagenta=13 \nYellow=14\nWhite=15",
          "oneOf": [
            {
              "$ref": "#/definitions/ConsoleColor"
            }
          ]
        },
        "Name": {
          "type": [
            "null",
            "string"
          ],
          "description": "Explicit name for this object.  For actors this can be left null to generate a random name from the faction"
        },
        "InjurySystem": {
          "type": [
            "null",
            "string"
          ],
          "description": "Injury system of any FightAction the blueprint spawns (and for IActor the innate weapons of the actor (leave null to use the IsDefault)",
          "format": "guid"
        },
        "Dialogue": {
          "description": "Things the object has to say e.g. when a creature is talked to or a room examined",
          "oneOf": [
            {
              "type": "null"
            },
            {
              "$ref": "#/definitions/DialogueInitiation"
            }
          ]
        },
        "OptionalAdjectives": {
          "type": [
            "array",
            "null"
          ],
          "description": "List of IAdjective from which to pick at random when creating.  These can be either Guids, Names or Type names",
          "items": {
            "type": "string"
          }
        },
        "MandatoryAdjectives": {
          "type": [
            "array",
            "null"
          ],
          "description": "By default a subset of OptionalAdjectives are written to the objects created by this blueprint (e.g. depending on difficulty, luck etc). Set those that MUST always be added. These can be either Guids, Names or Type names",
          "items": {
            "type": "string"
          }
        },
        "Stats": {
          "description": "The BaseStats to give the object",
          "oneOf": [
            {
              "type": "null"
            },
            {
              "$ref": "#/definitions/StatsCollection"
            }
          ]
        },
        "SkipDefaultActions": {
          "type": "boolean",
          "description": "True to make Actions the only actions to be given to the object (i.e. no default actions)"
        },
        "Actions": {
          "type": [
            "array",
            "null"
          ],
          "description": "Option, if specified this list becomes the actions of the object replacing any existing actions they might otherwise get)",
          "items": {
            "$ref": "#/definitions/ActionBlueprint"
          }
        },
        "SkipDefaultBehaviours": {
          "type": "boolean",
          "description": "True to make Behaviours the only behaviours to be given to the object (i.e. no default behaviours)"
        },
        "Behaviours": {
          "type": [
            "array",
            "null"
          ],
          "description": "Optional list of behaviours (event handlers) that should be created on the object",
          "items": {
            "$ref": "#/definitions/BehaviourBlueprint"
          }
        },
        "OnPush": {
          "description": "Event handler to trigger on the the behaviour whenever an action is put on the stack",
          "oneOf": [
            {
              "type": "null"
            },
            {
              "$ref": "#/definitions/BehaviourEventHandlerBlueprint"
            }
          ]
        },
        "OnPop": {
          "description": "Event handler to trigger on the the behaviour whenever an action begins successful resolution (the action stack was pushed and nobody removed it from the stack before resolution)",
          "oneOf": [
            {
              "type": "null"
            },
            {
              "$ref": "#/definitions/BehaviourEventHandlerBlueprint"
            }
          ]
        },
        "OnRoundEnding": {
          "description": "Event handler to call after the player has taken an action and all other world actors have responded and the round is ending",
          "oneOf": [
            {
              "type": "null"
            },
            {
              "$ref": "#/definitions/BehaviourEventHandlerBlueprint"
            }
          ]
        },
        "OnEnter": {
          "description": "Event handler to call when any actor performs the LeaveAction and successfully enters a new room.  Note that this gets called for every person in the worlds population that moves not just the behaviour's owner",
          "oneOf": [
            {
              "type": "null"
            },
            {
              "$ref": "#/definitions/BehaviourEventHandlerBlueprint"
            }
          ]
        }
      }
    },
    "BehaviourEventHandlerBlueprint": {
      "type": "object",
      "description": "Describes how to build a BehaviourEventHandler for a given event on a Behaviour e.g. IRoom)",
      "additionalProperties": false,
      "properties": {
        "Condition": {
          "type": [
            "array",
            "null"
          ],
          "description": "Pre conditions to check when the event occurs before launching off the Effect.  If multiple conditions are specified then all must be met",
          "items": {
            "$ref": "#/definitions/ConditionBlueprint"
          }
        },
        "Effect": {
          "type": [
            "array",
            "null"
          ],
          "description": "Things that should happen when the event handler occurs and the Condition are met e.g. cause damage to someone, launch some dialogue etc",
          "items": {
            "$ref": "#/definitions/EffectBlueprint"
          }
        }
      }
    },
    "ConditionBlueprint": {
      "type": "object",
      "description": "Blueprint that describes how to build one or more ICondition",
      "additionalProperties": false,
      "properties": {
        "Lua": {
          "type": [
            "null",
            "string"
          ],
          "description": "Lua code that returns true or false"
        },
        "Has": {
          "type": [
            "null",
            "string"
          ],
          "description": "Pass a Guid or Name of something they might have, if they have it then the condition is met"
        },
        "Is": {
          "type": [
            "null",
            "string"
          ],
          "description": "Pass a Guid or Name, condition is true if the object is it.  This does not include things they have e.g. items, adjectives etc (see Has for that)"
        },
        "HasNot": {
          "type": [
            "null",
            "string"
          ],
          "description": "Pass a Guid or Name of something.  As long as they don't have it this condition is true"
        },
        "IsNot": {
          "type": [
            "null",
            "string"
          ],
          "description": "Pass a Guid or Name, condition is true as long as the object is NOT it.  This does not include things they have e.g. items, adjectives etc  (see Has for that)"
        },
        "Stat": {
          "type": [
            "null",
            "string"
          ],
          "description": "Arithmetic expression for a required stat they must have e.g. \"Fight &gt; 50\""
        },
        "Variable": {
          "type": [
            "null",
            "string"
          ],
          "description": "Arithmetic expression for a required custom variable e.g. \"MyCounter &gt; 50\" (See V)"
        },
        "Check": {
          "description": "Apply the check (Has, Is, Stat etc) to the given object (default is Aggressor - the acting thing).  Options include Room (where room the event is taking place), Recipient (who you are talking to) etc",
          "oneOf": [
            {
              "$ref": "#/definitions/SystemArgsTarget"
            }
          ]
        }
      }
    },
    "SystemArgsTarget": {
      "type": "integer",
      "description": "0 = Aggressor\n1 = Recipient\n2 = Room\n3 = Owner",
      "x-enumNames": [
        "Aggressor",
        "Recipient",
        "Room",
        "Owner"
      ],
      "enum": [
        0,
        1,
        2,
        3
      ]
    },
    "EffectBlueprint": {
      "type": "object",
      "additionalProperties": false,
      "properties": {
        "Lua": {
          "type": [
            "null",
            "string"
          ]
        },
        "Kill": {
          "type": [
            "null",
            "string"
          ],
          "description": "Kill the primary actor triggering the effect (text indicates cause of death e.g. \"poison\").  In dialogue it is the speaker (e.g. player), for action it is the action performer"
        },
        "Target": {
          "description": "Apply the effect (Kill, Set etc) to the given object (default is Aggressor - the acting thing).  Options include Room (where room the event is taking place), Recipient (who you are talking to) etc",
          "oneOf": [
            {
              "$ref": "#/definitions/SystemArgsTarget"
            }
          ]
        },
        "Set": {
          "type": [
            "null",
            "string"
          ],
          "description": "Sets a stat or variable to a given value e.g. \"MyCounter += 5\".  If a Stat exists in AllStats then Set will apply to that stat otherwise a variable will be assigned"
        },
        "Reveal": {
          "type": [
            "null",
            "string"
          ],
          "description": "Marks the given point on the map as visible.  Combine with Room FixedLocation to help the player find interesting rooms"
        },
        "Spawn": {
          "type": [
            "null",
            "string"
          ],
          "description": "Spawns the referenced object (Item, Actor, Adjective etc).  Target property dictates what to spawn the object into/onto. Must uniquely identify a single object blueprint"
        }
      }
    },
    "IActionTarget": {
      "type": "object",
      "description": "Function for fetching available targets for a custom IAction",
      "x-abstract": true,
      "additionalProperties": false
    },
    "SlotCollection": {
      "type": "object",
      "additionalProperties": false
    },
    "ItemBlueprint": {
      "type": "object",
      "description": "Describes how to create instances of IItem and IItemStack",
      "additionalProperties": false,
      "properties": {
        "Ref": {
          "type": [
            "null",
            "string"
          ],
          "description": "Inherit all properties from another blueprint of the same type.  This must either exactly match the Name of the other blueprint or match the Identifier guid"
        },
        "Identifier": {
          "type": [
            "null",
            "string"
          ],
          "description": "Uniquely identifies instances created from this blueprint",
          "format": "guid"
        },
        "Faction": {
          "type": [
            "null",
            "string"
          ],
          "description": "Null if the object thematically fits any faction, otherwise the  of the faction.\nIf null and there are multiple factions, a random faction will be chosen for this blueprint unless  flag is set",
          "format": "guid"
        },
        "Unaligned": {
          "type": "boolean",
          "description": "Ensures that the room has no Faction.  This flag overrides Faction and suppresses any random faction assignment processes."
        },
        "Unique": {
          "type": "boolean",
          "description": "True to only ever generate one of this thing"
        },
        "Color": {
          "description": "Black=0\nDarkBlue=1\nDarkGreen=2\nDarkCyan=3\nDarkRed=4\nDarkMagenta= 5\nDarkYellow=6\nGray=7\nDarkGray=8\nBlue=9\nGreen=10\nCyan=11\nRed=12\nMagenta=13 \nYellow=14\nWhite=15",
          "oneOf": [
            {
              "$ref": "#/definitions/ConsoleColor"
            }
          ]
        },
        "Name": {
          "type": [
            "null",
            "string"
          ],
          "description": "Explicit name for this object.  For actors this can be left null to generate a random name from the faction"
        },
        "InjurySystem": {
          "type": [
            "null",
            "string"
          ],
          "description": "Injury system of any FightAction the blueprint spawns (and for IActor the innate weapons of the actor (leave null to use the IsDefault)",
          "format": "guid"
        },
        "Dialogue": {
          "description": "Things the object has to say e.g. when a creature is talked to or a room examined",
          "oneOf": [
            {
              "type": "null"
            },
            {
              "$ref": "#/definitions/DialogueInitiation"
            }
          ]
        },
        "OptionalAdjectives": {
          "type": [
            "array",
            "null"
          ],
          "description": "List of IAdjective from which to pick at random when creating.  These can be either Guids, Names or Type names",
          "items": {
            "type": "string"
          }
        },
        "MandatoryAdjectives": {
          "type": [
            "array",
            "null"
          ],
          "description": "By default a subset of OptionalAdjectives are written to the objects created by this blueprint (e.g. depending on difficulty, luck etc). Set those that MUST always be added. These can be either Guids, Names or Type names",
          "items": {
            "type": "string"
          }
        },
        "Stats": {
          "description": "The BaseStats to give the object",
          "oneOf": [
            {
              "type": "null"
            },
            {
              "$ref": "#/definitions/StatsCollection"
            }
          ]
        },
        "SkipDefaultActions": {
          "type": "boolean",
          "description": "True to make Actions the only actions to be given to the object (i.e. no default actions)"
        },
        "Actions": {
          "type": [
            "array",
            "null"
          ],
          "description": "Option, if specified this list becomes the actions of the object replacing any existing actions they might otherwise get)",
          "items": {
            "$ref": "#/definitions/ActionBlueprint"
          }
        },
        "SkipDefaultBehaviours": {
          "type": "boolean",
          "description": "True to make Behaviours the only behaviours to be given to the object (i.e. no default behaviours)"
        },
        "Behaviours": {
          "type": [
            "array",
            "null"
          ],
          "description": "Optional list of behaviours (event handlers) that should be created on the object",
          "items": {
            "$ref": "#/definitions/BehaviourBlueprint"
          }
        },
        "Slot": {
          "description": "Which slots are required to equip the item.",
          "oneOf": [
            {
              "type": "null"
            },
            {
              "$ref": "#/definitions/ItemSlot"
            }
          ]
        },
        "Require": {
          "type": [
            "array",
            "null"
          ],
          "description": "A condition that must be met before the item can be used",
          "items": {
            "$ref": "#/definitions/ConditionBlueprint"
          }
        },
        "EquipRequire": {
          "type": [
            "array",
            "null"
          ],
          "description": "A condition that must be met before the item can be equipped",
          "items": {
            "$ref": "#/definitions/ConditionBlueprint"
          }
        },
        "UnEquipRequire": {
          "type": [
            "array",
            "null"
          ],
          "description": "A condition that must be met before the item can be taken off",
          "items": {
            "$ref": "#/definitions/ConditionBlueprint"
          }
        },
        "Stack": {
          "type": [
            "integer",
            "null"
          ],
          "description": "Null for an item that cannot be stacked, 1+ for a IItemStack of the given size",
          "format": "int32"
        }
      }
    },
    "ItemSlot": {
      "type": "object",
      "additionalProperties": false,
      "properties": {
        "Name": {
          "type": [
            "null",
            "string"
          ]
        },
        "NumberRequired": {
          "type": "integer",
          "format": "int32"
        },
        "SensitiveTo": {
          "type": [
            "array",
            "null"
          ],
          "items": {
            "$ref": "#/definitions/InjuryRegion"
          }
        }
      }
    },
    "InjuryRegion": {
      "type": "integer",
      "description": "0 = None\n1 = Head\n2 = Eye\n3 = Jaw\n4 = Neck\n5 = Ribs\n6 = Arm\n7 = Hand\n8 = OffHand\n9 = Leg\n10 = Foot",
      "x-enumNames": [
        "None",
        "Head",
        "Eye",
        "Jaw",
        "Neck",
        "Ribs",
        "Arm",
        "Hand",
        "OffHand",
        "Leg",
        "Foot"
      ],
      "enum": [
        0,
        1,
        2,
        3,
        4,
        5,
        6,
        7,
        8,
        9,
        10
      ]
    }
  }
}